Attribute1,Attribute2,Attribute3,Attribute4,Attribute5,output
TTAAAGAGACCGGCG,ATTCTAGTGAAATCG,AACGGGCAGGTCAAT,TTCCAACCAGCGACC,ACGTAATAGATAGAT,A
CAGGGAAGTCATTTT,TCTTTTAAAGGATAG,AAGCGGTTATTGCTC,TTGGTTGGACCGGTT,TCTGTGTATAACTCA,T
TGAAAGCCATTAGGG,GCGGGCATTTCCCAT,GGGCAAAAGGTTGTC,GAGAAACGGTGGCGA,GGCTGTTTCGATCCT,G
CGCGAAGCCTGGGGA,TGGATGTCCTGGTTA,TCCACAGGGCTTTTT,TCCACATGCCGATCA,CCAGGGATGTACCCC,C
AGCGGCACAAGGGTT,ATCCACACAGTTCAG,GATGACCGTCCGTCG,GTCGGCCTGCTTTTA,TTAAGGTCTTGATTT,G
CTTGGGTGCTCGGCG,CATCGGCATGTGGAT,AAGTCCGGCCCATAC,GGCTACAATAGGCGC,TTCTTTCGTTGTGCC,G
CCTTTCCAATCTTTG,GGGGATATCCGTGTC,CGTGGAACTCTGGCA,GCAGTGCGTGGATCT,TCTCCGCGATGAGCT,G
CCGTCCCAACAATTC,AACACCTGGATCCGT,CCCTTGCAGGTCGAA,GCCGAAGGCGACGAA,TTGCGTGTGTATGCA,C
CCAACCGTTTCGTCC,TCGATTGGGTGAACG,AGAAGTACCTCGGTC,GCCTCCTGGAACTGC,TCGGTGAACGCGGCG,A
GGGGCAATTGCCCGC,GCTTTCCTTATTAAT,AGGCAGCAAGCGCAG,CCGCACCCCGCGTGC,CGCCATCGTGCCATC,G
CAATCCCACGTGGCG,CCCCCGCCTCCGGTC,GCACCGCCGCCTGCG,CCGGTACAGCCGGTG,TCTGCCGCACCGGTC,G
TGGTTCCTCGCGAAG,AGCTGCCGCCTGTGG,CGGCGGTTTCCAGCG,TCACGGCCGACTCCT,ACGAGGCGGAAGAAC,C
GAGCATCGATCCGCT,GGCCGTAGCCATGCC,GGCTGGCGCCGCGCC,GGCAATACGCACCGA,GCGCAACGTCCAGGT,C
GAAGGCGCGCTGAAG,CACACCAGCTACCTG,AACCGCACCTTCACC,TTCGAGAACTTCGTC,GAGGGCAAGTCCAAC,C
AACTGGCCCGTGCCG,CGGCCTGGCAGGTGG,CGGACAACCTCAAGC,ATGGCTACAACCCGC,TGTTCCTCTATGGTG,G
GGTCGGCCTGGGCAA,GACCCACCTGATGCA,TGCTGTAGGTAACCA,TCTGCTGAAGAAGAA,TCCGAACGCCAAGGT,C
GTCTACCTGCATTCG,GAGCGCTTCGTCGCG,GACATGGTCAAGGCC,CTGCAGCTCAACGCC,ATCAACGAATTCAAG,C
GCTTCTACCGCTCGG,TGGACGCGCTGCTGA,TCGACGATATCCAGT,TCTTCGCCCGTAAGG,AGCGCTCCCAGGAAG,A
GTTCTTCCACACCTT,CAACGCCCTTCTCGA,AGGCGGCCAGCAGGT,GATCCTCACCAGCGA,CCGCTATCCGAAGGA,A
ATCGAAGGCTTGGAA,GAGCGGCTGAAATCC,CGCTTCGGCTGGGGC,CTGACGGTGGCCGTC,GAGCCGCCGGAACTG,G
AAACCCGTGTCGCGA,TCCTGATGAAGAAGG,CCGAGCAGGCCAAGA,TCGAACTGCCGCACG,ATGCGGCGTTCTTCA,T
CGCCCAGCGCATCCG,TTCCAACGTGCGCGA,ACTGGAAGGCGCGCT,GAAGCGGGTGATCGC,CCACTCGCACTTCAT,G
GGTCGGCCGATCACC,ATCGAGCTGATCCGC,GAGTCGCTGAAGGAC,CTGCTGGCCCTGCAG,GACAAGCTGGTCAGC,A
TCGACAACATCCAGC,GCACCGTCGCCGAGT,ACTACAAGATCAAGA,TCTCCGATCTGTTGT,CCAAGCGGCGTTCGC,G
TTCGGTGGCGCGTCC,GCGCCAGGTGGCCAT,GGCGCTCTCCAAGGA,GCTGACCAACCACAG,CCTGCCGGAGATCGG,C
GTAGCCTTCGGCGGT,CGGGATCACACCACC,GTGTTGCACGCCTGT,CGTAAGATCGCTCAA,CTTAGGGAATCCGAC,G
CGGATATCCGCGAGG,ACTACAAGAACCTGC,TGCGTACCCTGACTA,CCTGACGCAGCCCAC,GAGGCAAGGGACTAG,A
CCATGCATTTCACCA,TTCAACGCGAAGCCC,TGTTGAAACCGCTGC,AACTGGTCGCCGGCG,TCGTGGAACGCCGCC,A
GACATTGCCGGTTCT,CTCCAACGTCCTGCT,GGTGGTCGAAGGCCA,GCAGCTGTCGCTGAC,CGGTACCGACCTCGA,G
GTCGAGCTGGTCGGT,CGCGTGGTACTGGAG,GATGCCGCCGAGCCC,GGCGAGATCACCGTA,CCGGCGCGCAAGCTG,A
TGGACATCTGCAAGA,GCCTGCCCAGCGATG,TGCTGATCGACATCC,GTGTCGAAGAGCAGA,AGCTCCTGGTGAAGG,C
CGGCCGCAGCCGTTT,TACCCTCTCCACCCT,GCCGGCCAACGACTT,CCCCACCGTCGAGGA,AGGCCCCGGTTCGCT,G
AACTTCAGCATCGCC,CAGAGCAAGCTGCGT,CGCCTGATCGATCGC,ACCAGCTTCGCCATG,GCGCAGCAGGATGTG,C
GCTACTACCTCAACG,GCATGCTCCTGGAAG,TGAACGGTGGCGCCC,TGCGCTCCGTCGCCA,CCGATGGGCACCGCC,T
GGCCATGTGCTCGCT,GGACGCGCAGATCCC,GTCGCAGGACCGCCA,CCAGGTGATCGTCCC,GCGCAAGGGCATCCT,C
GAACTGGCGCGCCTG,CTCACCGAGCAGGAT,GGCGAGGTCGGCATC,GTCCTCGGCCAGCAC,CACATTCGCGCCACC,A
CCGGCGAGTTCACCT,TCACCTCGAAGCTGG,TGGACGGCAAGTTCC,CGGACTACGAGCGTG,TGCTGCCGCGTGGCG,G
CGACAAACTGGTGAT,CGGTGATCGCCAGCA,ATTGCGCGAGGCCTT,CAGCCGTACCGCGAT,CCTCTCCAACGAGAA,G
TACCGCGGTATTCGC,CTGCAGCTGTCCAAC,GGTCTGCTGAAGATC,CAGGCGAACAACCCG,GAACAGGAAGAGGCC,G
AGGAAGAAGTGCAGG,TCGAGTACAACGGCG,GGAACCTGGAGATTG,GCTTCAACGTCAGCT,ACCTGCTCGACGTGC,T
GGGTGTGATCGGTAC,CGAACAGGTCCGCTT,CATTCTCTCCGACTC,CAACAGCAGCGCCCT,GGTCCACGAGGCCGA,C
AATGACGATTCCGCC,TACGTCGTCATGCCG,ATGCGCCTCTAATCA,CGCTGAATGTCCCTG,ACCCGCGTTTCGGTC,A
CCGCGGTGCGCAACC,TGCACCCGGTGACCC,TCTCCCCCTCCCCCC,GCATCAACATCCTTT,ACGGCGACAACGGCA,G
CGGCAAGACCAGCGT,GCTCGAAGCGATCCA,CCTGCTGGGCCTGGC,GCGCTCGTTCCGCAG,CGCTCGCCTGCAGCC,G
GTGATCCAGTACGAG,GAAGCGGCCTGCACT,GTATTCGGCCAAGTG,ATGTTGGCCAATGGC,ATAGCCAGCAATCTC,G
GGATTTCCCGTGAAC,GCCAGGGCGAGTTCA,CCATCCGCATCGATG,GGCAGAACGCCCGAA,GTGCTGCTCAGTTGG,C
GGAAACCCTTCCATT,GCAACTGATCAATCC,GGACAGCTTTCGCCT,TCTCGAGGGCGCGCC,GAAAATTCGTCGGCA,G
TTCCTCGATTGGGGA,GTGTTCCACGTGGAA,CCTCGCTTCCTGCCC,GTCTGGCAACGCTTG,CAGAAGGCGTTGCGC,C
AGCGGAACTCCTGGC,TCCGGCATGGTAAAC,TGGACCCCGCGTCGC,AAGCGGCCTGGGACC,GGGAGTTGAGCCTGG,C
CAGCGATGAGATCGA,TGCCTACCGCAGAAG,CTATATCCAGGCGCT,GAAACCGGTGTTCGA,GGAAACCCTCGCCGA,G
CTGGTTTCGCTGGAT,GACCTGACCCTGAGC,TACTACCGAGGCTGG,GACAAGGACCGGGAC,CTCCAGGACGTCCTG,G
CCTCCAGCCTGTTGC,GCGACCAGCAGATGG,GCCACACCCAGGCGG,GACCGCAGCGTGCGG,ATCTTCGCATACGGT,T
GGCGGGTCATAACGC,AGCCGAGATTCTCTC,GCGCGGACAGCAGAA,GCTGGTGGTATGCGC,CCTGCGCATCGCCCA,G
GGGCATCTGATCAAT,CGCGCCAAGCGCGGA,CAGTGCGTCTACCTG,GTGGACGACCTGCCC,TCGGAACTGGATGAG,C
AGCATCGAATGGCTC,TTTGCCGCTTGCTTG,AAGATTTGGGTTGCC,AGGTATTCATCACCT,GCGTGGACCCGCAAC,T
ATTGAAAGACGGCTG,GCGCACGGATACGCC,GGTAGCCATGTTCCA,CGTGGAACATGGAAA,AGTCTCTCAGACCAC,G
ACCATCGGGAGTGAA,GCATGAGCGAGAACA,ACACGTACGACTCTT,CCAGCATCAAGGTGC,TGAAGGGGCTGGATG,C
CGTACGCAAGCGCCC,CGGCATGTACATCGG,CGACACCGACGATGG,CACCGGTCTGCACCA,CATGGTGTTCGAGGT,G
GTGGACAACTCCATC,GACGAAGCGCTGGCC,GGCTATTGCAGCGAA,ATCAGCATCACCATC,CATACGGACGAGTCG,A
TCACCGTCCGTGACA,ACGGGCGCGGCATTC,CGGTGGATATCCACA,AGGAAGAAGGGGTTT,CTGCGGCGGAAGTGA,T
CATGACCGTCCTCCA,CGCCGGCGGCAAGTT,CGACGACAACACCTA,CAAGGTGTCCGGCGG,CCTGCACGGTGTGGG,C
GTCTCGGTGGTGAAC,GCGCTGTCCCATGAA,TTGCGCCTGACCATC,CGTCGCCACAACAAG,GTCTGGGAACAGGTC,T
ACCACCACGGCGTGC,CGCAATTCCCGCTGC,GCGAGGTGGGCGAAA,CCGACGGCTCCGGTA,CCGAGGTGCACTTCA,A
GCCGTCGCCGGAGAC,CTTCAGCAACATCCA,TTTCAGCTGGGACAT,CCTGGCCAAGCGGAT,CCGCGAATTGTCCTT,C
CTCAATTCCGGCGTC,GGCATCCTGTTGCGT,GACGAACGCACCGGC,AAGGAAGAGCTGTTC,AAGTACGAGGGCGGC,C
TGAAGGCCTTCGTCG,AGTACCTGAACACCA,ACAAGTCCGCGGTGA,ACCAGGTCTTCCACT,TCAATGTCCAGCGCG,A
AGAAGACGGCGTGGG,CGTGGAAGTCGCCCT,GCAGTGGAACGACAG,CTTCAACGAGAACAT,CCTCTGCTTCACCAA,C
AACATCCCGCAGCGT,GACGGCGGCACCCAC,CTGGCCGGCTTCCGC,TCGGCGCTGACGCGT,AACCTGAACAACTAC,A
TCGAGGCCGAGGGCC,TGGCGAAGAAATTCA,AGATCGCCACCACCG,GCGACGACGCCCGCG,AAGGCCTCACCGCGA,T
CATCTCGGTGAAGGT,GCCGGATCCGAAATT,CAGCTCGCAGACCAA,GGACAAGCTGGTCTC,CTCCGAGGTGAAGAC,C
GCGGTGGAACAGGAA,ATGGGCAAGTACTTC,GCCGACTTCCTGCTG,GAGAACCCCAACGAA,GCCAAGGCCGTGGTC,G
GCAAGATGATCGATG,CCGCGCGGGCCCGCG,AGGCGGCGCGCAAGG,CGCGCGAGATGACCC,GCCGCAAGGGCGCGC,T
GGACATCGCCGGCCT,GCCCGGCAAGCTGGC,AGACTGCCAGGAGAA,GGACCCGGCGCTCTC,CGAACTGTACATCGT,G
GAGGGTGACTCCGCG,GGCGGCTCCGCCAAG,CAGGGCCGCAACCGC,CGGACCCAGGCGATC,CTGCCGCTCAAGGGC,A
AGATCCTCAACGTCG,AGAAGGCGCGCTTCG,ACAAGATGCTCTCTT,CCCAGGAGGTCGGCA,CGCTGATCACCGCCC,T
GGGTTGCGGCATCGG,TCGCGAGGAGTACAA,CATCGACAAGCTGCG,CTACCACAACATCAT,CATCATGACCGATGC,T
GACGTCGACGGTTCG,CACATCCGTACCCTG,CTGCTGACCTTCTTC,TTCCGCCAGATGCCC,GAGCTGATCGAGCGC,G
GCTACGTGTACATCG,CCCAGCCGCCGCTGT,ACAAGGTCAAGCGTG,GCAAGCAGGAACAGT,ACATCAAGGACGACC,A
GGCCATGGAAGAATA,CATGACCCAGTCGGC,CCTGGAAGACGCCAG,CCTGCACGTCAACGA,GCACGCCCCGGGCCT,G
GCCGGCGCGGCGCTG,GAGAAGCTGGTCAAC,GAGTACCGCGGGGTG,ATCGCCACCCTCAAG,CGCCTCTCGCGCCTG,T
ACCCGCAGGAGCTGA,CCGAGCACTTCATCT,ACCTGCCCACCGTGT,CGGTGGATGACCTGG,CCAACGAGTCGGTGA,T
GCAGGGCTGGCTGGA,GAAATTCCAGGCGCG,CCTGAGCGCCGCCGA,GAAGTCCGGCCTGAC,CTACAAGGCCAGCCT,G
CGCGAAGACCGCGAG,CGCCACCTGTGGCTG,CCCGAGGTGGAACTG,GTGGCTCACGGGCTG,TCCAGTTACGTCACC,T
TCAACCGTGACTTCT,TCGCCAGCAACGACT,ACCGCTCGGTGTCGC,TGCTCGGCGACCAGT,TGAACAGCCTGCTGG,A
GGACGGCGCCTACGT,GCAGAAGGGCGAGCG,CAAGCGGCCGATCAG,CGCCTTCAAGGACGG,CCTGGACTGGCTGAT,G
GCCGAAGGCACCAAG,CGCCACAGCATCCAG,CGATACAAGGGACTG,GGCGAGATGAACCCG,GAACAGTTGTGGGAA,A
CCACCATGGACCCGA,ACGTCCGCCGCATGC,TCAAGGTCACCATCG,AGGACGCCATCGCTG,CCGACCAGATCTTCA,A
CACCCTGATGGGCGA,TGCCGTGGAGCCGCG,TCGCGACTTCATCGA,AAGCAACGCGCTGGC,GGTGTCGAACCTGGA,C
GTGTGATAGGTCGAT,AGGCCAATCCTCAGG,AAACCCCAACCCCGG,CCTGGCGCCGGGGTT,TTCTTTTTTGGTCGG,G
TAACCGGATACAGGC,CCGTGCCTGCCTTGC,CGAAGTGTGATCGAG,TCCGCCAGCTACCCG,CCGGCATTGGCGCCC,T
GGACCCAGGTGTCCG,GGCGGGCGTTCCACC,GGTCTGGGGCTGCGG,GACACGCCAGCCGGT,TCGCTCGGTCGTTGC,C
AGCCGGCCTGTGCTT,GGGTCTCGCGTGAAA,ACAGGAAGCCCCGCT,ATGGCGGGGCTCCTT,TTATCGAATCGGCGC,A
CAGGAGGCCTTGCAG,GGGCCTTTGCGGCGG,CCTCACGAAACCACA,GACGGCTCCGGATGG,CTGACCCGCTGCTGG,G
TGGGGCTGATCTCGG,CCATGGTCTCGCTGA,CCCAGGCCTCGGCGC,GCTGGTTGAGCTCGG,CGATGGCGCGCGGGC,C
TTCGCCTTCGGCGTG,CATAGCCGGGCCGAT,CACCACCTGGATGGT,GCCCGGGTACTTGGC,CCATCCGGCCTTGGG,C
CAAAACTGCCCGGCG,TTGTGGGCGATCGGC,AGTACCGGCAGCCCG,GCGTTGACCGCCAGG,GCGGTGCCGCCGCGG,G
AGAACTTGCCCATCT,GCCCCACCGGAATGC,GCGTACCCTCCGGGA,AGATCAGTACCCAGG,CGCCTTTCTTCAGGC,A
CTCGTCGCCCTGCTT,GGCCAGTTGCTTGAG,GGCCAGCTTGGGTTG,GCTGCGGTCGATGGC,GATGGGCTTGAGCAG,G
GCCAGGGCCCAGCCG,AAGAACGGCACGTAG,AGCAACTCGCGCTTG,AGCACCTGGCTGAGC,GGTTCGAAGAAGCCG,G
AGAGGAAGAAGGTTT,CCCAGGTGCTCTGGT,GCTTGGAGAGGATCA,CGCAGGGTTGCTCGG,GTACGTTCTCCAGGC,C
GCGTACCTCGTAGCG,GATGCCGGCGACCAC,GCGGGTCAGCCAGAT,CGCGAAGCGGCACCA,GCTCCGCACCACGAA,G
CGGTAGCGGGCGCGA,AACGGCAGGAACGGC,GCGATGAAGAAGCTG,AGGGTGCCCCAGACG,AACGCGCTGGAGGAC,A
GCAGCAGGTAAAAGA,GGACGGTTCTGATGG,CCTGCACTGTCGACA,TGTATTCTGACCTTA,CTGAAGTAATGCGCT,G
GCGACTGCCGCCAGA,TCGTCGAATATCAGG,GTGCCCTCTGGCAAG,GGCTTGCCCAGCGTA,CGTACACCTTTTCCG,G
TCTTTACCAACACCG,GCTGACAATCGACGG,CCCGCGCCGCCTCCA,GGTCACCGATGCTGT,CGCCGACGAACCAGA,T
GCCCGACAGGTCGAC,CCCGTAGTGCTCGCC,GATCTGCCGCAGCAT,GCCCGGCTTCGGCTT,GCGGCAGTCGCAGCC,G
TCGTCCGGTCCATGC,GGACAATAGACGATG,AGGCCGAGTTCGCCG,CCCTGCTTCGCGACC,AGTTCGCGCAAGCGT,G
CGTGCATCGCCTCGA,GCACCGCCAGTTCGT,AATAGCCGCGGGCGA,TGCCGGACTGGTTGG,TGGCCACCGCGACGG,T
CCAGCCGGCCTTGCT,CAGGCGGGCGATGGC,TTCGATCGAGCTGGG,GATGGGGATCCACTC,GTCGAGGGTCTTGAT,G
TAGTCGTCGGAGTCG,AGGTTGATGACTCCA,TCGCGGTCGAGAATC,AGCAGGGAACGGGAC,ATCGATGCGCAGTTG,G
CCATGAACGGAAAGG,GTCGATTCTACCTCA,GCCAGCCGGAGCATC,GCGGATGGAACGACG,AGCCATCGCCAGGAG,T
TCTACAGCCGCGACC,AGGGCTCGCGGGTGA,TGCCCCCCTGCCCTG,GCTGAAGGCACTGCC,ACAGCCGCCAGCTCG,C
CATCCTCGATGGACA,GGTGCGGACCGGCGT,GACTCAGGCAACAGC,CGCTGCAGCCGTGAG,TACGGCGGCAGCCTG,T
CGGCCGAGGAGAAGC,GCGCGTTGCTGGAAT,ACCTGAAGGTCCTGT,AACGAAAAAAGGCCC,GGCGTCGCGAGGACG,C
CGGGCCTTTCTTCGA,GGCGAACGGGCTCAG,CCGAGCAGCGAAATG,TCCGCCACCCCGAGG,AACAGTCCACGCAGC,T
TGGCCAGCAGCGCGT,AGCGGTTGGCGCGCA,CGCTGCTGTCATCGA,CGTTGACCATCACGT,CGGCGAAGAACGCAT,C
